name, type
doDataTableSort,hook
useConfirm,hook
useDialog,hook
useDrawer,hook
useMixedStateCheckbox,hook
usePanel,hook
usePreviousValue,hook
useSelectManager,hook
useTabs,hook
useToggle,hook
Theme,object
Accordion,component
AccordionContent,component
AccordionDisclosure,component
Aside,component
AvatarCombo,component
AvatarIcon,component
AvatarUser,component
Badge,component
Box,component
Breakpoint,component
Button,component
ButtonGroup,component
ButtonItem,component
ButtonOutline,component
ButtonToggle,component
ButtonTransparent,component
Calendar,component
Card,component
CardContent,component
CardMedia,component
Checkbox,component
CheckboxGroup,component
Chip,component
Code,component
CodeBlock,component
ColorWheel,component
Comboxbox,component
ComboxboxInput,component
ComboxboxList,component
ComboxboxContext,context
ComboboxOption,component
ComboboxMulti,component
ComboboxMultiOption,component
ComboboxMultiInput,component
ComponentsProvider,component
Confirm,component
ConfirmLayout,component
CopyToClipboard,component
DataTable,component
DataTableAction,component
DataTableCell,component
DataTableItem,component
DateFormat,component
DateTimeFormat,component
Dialog,component
DialogContent,component
DialogContext,context
DialogFooter,component
DialogHeader,component
DialogLayout,component
DialogSurface,component
Divider,component
DividerVertical,component
Drawer,component
ExtendComponentsProvider,component
FadeIn,component
Field,component
FieldCheckbox,component
FieldCheckboxGroup,component
FieldChips,component
FieldColor,component
FieldDate,component
FieldDateRange,component
FieldRadio,component
FieldRadioGroup,component
FieldRangeSlider,component
FieldSelect,component
FieldSelectMulti,component
FieldSlider,component
FieldText,component
FieldTextArea,component
FieldTime,component
FieldTimeSelect,component
FieldToggleSwitch,component
Fieldset,component
Flex,component
FlexItem,component
Footer,component
Form,component
Grid,component
Header,component
Heading,component
Icon,component
IconButton,component
InlineInputText,component
InlineTextArea,component
InputChips,component
InputColor,component
InputDate,component
InputDateRange,component
InputFilters,component
InputHidden,component
InputSearch,component
InputText,component
InputTime,component
InputTimeSelect,component
Label,component
Layout,component
Link,component
List,component
ListItem,component
LuminositySlider,component
Menu,component
MenuItem,component
MenuList,component
MessageBar,component
OrderedList,component
Page,component
PageSize,component
Pagination,component
Panel,component
Panels,component
Paragraph,component
Popover,component
PopoverContent,component
ProgressCircular,component
Prompt,component
Radio,component
RadioGroup,component
RangeSlider,component
Section,component
Select,component
SelectMulti,component
Slider,component
Space,component
SpaceVertical,component
Span,component
Spinner,component
Status,component
Swatch,component
Tab,component
TabList,component
TabPanel,component
TabPanels,component
Table,component
TableBody,component
TableDataCell,component
TableHead,component
TableHeaderCell,component
TableRow,component
Tabs,component
Text,component
TextArea,component
TimeFormat,component
ToggleSwitch,component
Tooltip,component
Tree,component
TreeItem,component
Truncate,component
UnorderedList,component
VisuallyHidden,component
